,이름,주소
0,인천계양구청점,인천 계양구 계산새로 85(지번) 용종동 210-6
1,인천부평중앙점,인천 부평구 부평문화로 63(지번) 부평동 212-67
2,인천부평시장역점,인천 부평구 부흥로 264(지번) 부평동 529-40
3,인천삼산점,인천 부평구 체육관로 24(지번) 삼산동 462-5
4,일산산들점,경기 고양시 일산서구 일중로 46 엑셀런트빌딩 103호(지번) 일산동 1681-1
5,일산마두역점,경기 고양시 일산동구 중앙로 1191 굿모닝법조타운 101호(지번) 장항동 890-5
6,인천주안역점,인천 미추홀구 주안로 89(지번) 주안동 238-1
7,일산화정점,경기 고양시 덕양구 화정로 69 한화꿈에그린아파트(지번) 화정동 965-1
8,일산백마학원가점,경기 고양시 일산동구 일산로 233(지번) 마두동 751-2
9,일산고양터미널점,경기 고양시 일산동구 중앙로 1036 1층(지번) 백석동 1242
10,부천시청점,경기 부천시 석천로169번길 22(지번) 중동 1162-8
11,일산후곡점,경기 고양시 일산서구 일산로 539 1층(지번) 일산동 1084-3
12,고양행신점,경기 고양시 덕양구 충장로 11(지번) 행신동 707-1
13,가양역점,서울 강서구 양천로 470 그레이스힐(지번) 등촌동 717
14,부천상동점,경기 부천시 상동로 87 가나베스트타운 103호(지번) 상동 544-4
15,인천계양구청점,인천 계양구 계산새로 85(지번) 용종동 210-6
16,인천부평중앙점,인천 부평구 부평문화로 63(지번) 부평동 212-67
17,인천부평시장역점,인천 부평구 부흥로 264(지번) 부평동 529-40
18,인천삼산점,인천 부평구 체육관로 24(지번) 삼산동 462-5
19,일산산들점,경기 고양시 일산서구 일중로 46 엑셀런트빌딩 103호(지번) 일산동 1681-1
20,일산마두역점,경기 고양시 일산동구 중앙로 1191 굿모닝법조타운 101호(지번) 장항동 890-5
21,인천주안역점,인천 미추홀구 주안로 89(지번) 주안동 238-1
22,일산화정점,경기 고양시 덕양구 화정로 69 한화꿈에그린아파트(지번) 화정동 965-1
23,일산백마학원가점,경기 고양시 일산동구 일산로 233(지번) 마두동 751-2
24,일산고양터미널점,경기 고양시 일산동구 중앙로 1036 1층(지번) 백석동 1242
25,부천시청점,경기 부천시 석천로169번길 22(지번) 중동 1162-8
26,일산후곡점,경기 고양시 일산서구 일산로 539 1층(지번) 일산동 1084-3
27,고양행신점,경기 고양시 덕양구 충장로 11(지번) 행신동 707-1
28,가양역점,서울 강서구 양천로 470 그레이스힐(지번) 등촌동 717
29,부천상동점,경기 부천시 상동로 87 가나베스트타운 103호(지번) 상동 544-4
30,인천산곡역점,"인천 부평구 길주로364번길 9 1층 125,126호(지번) 산곡동 91-2"
31,부천송내역점,경기 부천시 부일로 203 상동스카이뷰자이(지번) 상동 413
32,부천중동점,경기 부천시 길주로 288(지번) 중동 1141-5
33,화곡역점,서울 강서구 강서로 159-1(지번) 화곡동 1075-13
34,인천운서메가스타점,인천 중구 신도시남로142번길 6(지번) 운서동 2803-1
35,고양원당점,경기 고양시 덕양구 호국로 781 1층(지번) 주교동 614-5
36,인천구월동로데오점,인천 남동구 예술로140번길 33 화성빌딩 102호(지번) 구월동 1454-1
37,양천향교역점,"서울 강서구 강서로 471 엠코지니어스타 A동 109,110호(지번) 마곡동 727-23"
38,부천역점,경기 부천시 부일로 448 프리존빌딩 1층(지번) 심곡동 383-7
39,인천인하대점,인천 미추홀구 인하로 100(지번) 학익동 336-1
40,부천원종점,"경기 부천시 소사로 742 108호,109호(지번) 원종동 281-6"
41,부천위브더스테이트점,경기 부천시 신흥로 170(지번) 중동 1110-2
42,인천길병원점,인천 남동구 구월남로 153(지번) 구월동 1140-4
43,일산고양삼송점,경기 고양시 덕양구 권율대로 901 신원캐슬프라자2 1층(지번) 신원동 619-1
44,인천모래내시장역점,인천 남동구 호구포로 818 퍼스트하임프라자 1층(지번) 구월동 1264
45,식사점,경기 고양시 일산동구 위시티로 18 1층 104호(지번) 식사동 1588
46,부천역곡역점,경기 부천시 부일로 725 1층(지번) 역곡동 77-12
47,부평중앙점,인천 부평구 부평문화로 63(지번) 부평동 212-67
48,고양원흥역점,"경기 고양시 덕양구 원흥동 689 삼송원흥역센트럴푸르지오 106, 107호"
49,등촌역점,서울 양천구 공항대로 552 101호(지번) 목동 603-2
50,상암점,서울 마포구 월드컵북로 361 DMC 이안상암2단지(지번) 상암동 1653
51,상암DMC푸르지오시티점,서울 마포구 월드컵북로54길 25 상암DMC푸르지오시티 103호(지번) 상암동 1596
52,목동역점,서울 양천구 오목로 238 론드사옥(지번) 신정동 994-2
53,고양식사점,경기 고양시 일산동구 위시티로 18(지번) 식사동 1588
54,오목교점,서울 양천구 오목로 315(지번) 목동 406-244
55,구산역점,서울 은평구 서오릉로 150(지번) 갈현동 465-23
56,응암점,서울 은평구 은평로 108 101호(지번) 응암동 110-10
57,양천구청점,서울 양천구 목동서로 349 센트럴프라자 1층(지번) 신정동 321-7
58,인천연수점,인천 연수구 먼우금로 194 메카오피스텔(지번) 연수동 597-3
59,연신내점,서울 은평구 연서로 215-1(지번) 갈현동 456-3
60,홍대점,서울 마포구 홍익로 10(지번) 서교동 486
61,신정네거리역점,서울 양천구 중앙로 265(지번) 신정동 1183-5
62,당산역점,서울 영등포구 양평로 58 1층(지번) 당산동6가 337-23
63,동양미래대점,서울 구로구 경인로 445-8 동양미래대 8호관(지번) 고척동 62-160
64,구파발역점,서울 은평구 진관2로 29-21 드림스퀘어(지번) 진관동 72
65,마포구청점,서울 마포구 월드컵로34길 7(지번) 성산동 591-5
66,문래점,서울 영등포구 선유로 70(지번) 문래동3가 82-29
67,구월동로데오점,인천 남동구 예술로140번길 33(지번) 구월동 1454-1
68,합정역메세나폴리스점,"서울 마포구 양화로 45 213,214호(지번) 서교동 490"
69,선유도역점,서울 영등포구 양평로 121(지번) 양평동4가 101-10
70,가재울점,서울 서대문구 수색로 100(지번) 북가좌동 478
71,부천옥길점,"경기 부천시 양지로 205 1층 113, 114호(지번) 옥길동 793-3"
72,망원역점,서울 마포구 월드컵로 87 마포로얄프라자(지번) 망원동 377-17
73,가산디지털단지점,서울 금천구 가산디지털1로 165 가산비지니스센터 102호(지번) 가산동 371-6
74,영등포점,서울 영등포구 영중로 25(지번) 영등포동4가 56-2
75,홍대아트점,서울 마포구 와우산로 117 102호(지번) 서교동 338-54
76,인천송도센트럴파크점,인천 연수구 센트럴로 194 센트럴파크 A동 108호(지번) 송도동 23-4
77,시흥대야점,경기 시흥시 비둘기공원로 21 대야하이빌(지번) 대야동 562-5
78,광명사거리역점,경기 광명시 광명로 892-1(지번) 광명동 158-516
79,광명철산역점,경기 광명시 철산로 15(지번) 철산동 245-9
80,상수역점,서울 마포구 와우산로 44 1층(지번) 상수동 143-29
81,명지대점,서울 서대문구 거북골로 23 1층(지번) 남가좌동 324-2
82,신촌로데오점,서울 서대문구 연세로 23(지번) 창천동 33-43
83,여의도화재보험점,서울 영등포구 국제금융로6길 38(지번) 여의도동 35-7
84,구로디지털점,서울 구로구 디지털로34길 55 코오롱싸이언스밸리 2차 109호(지번) 구로동 811
85,연희점,서울 서대문구 연희로 93 연희오피스텔 1층(지번) 연희동 188-57
86,인천송도점,인천 연수구 신송로 122(지번) 송도동 2-6
87,인천논현점,인천 남동구 청능대로 583 중앙프라자(지번) 논현동 631-9
88,구로NC점,서울 구로구 구로중앙로 152 1층(지번) 구로동 573
89,이대점,서울 서대문구 이화여대7길 30(지번) 대현동 37-3
90,인천서창점,인천 남동구 서창남로 41(지번) 서창동 708-1
91,신촌점,서울 서대문구 신촌로 121 아남오피스텔(지번) 창천동 20-41
92,인천송도트리플스트리트점,인천 연수구 송도과학로16번길 33-3(지번) 송도동 176-1
93,여의도국회의사당점,서울 영등포구 국회대로70길 19(지번) 여의도동 14-11
94,여의도KBS본관점,서울 영등포구 국회대로62길 25 교육시설재난공제회관(지번) 여의도동 17-10
95,은평구청점,서울 은평구 은평로 200-1(지번) 응암동 76-2
96,시흥은계점,경기 시흥시 은계번영길 21 1층(지번) 은행동 646-9
97,홍제역점,서울 서대문구 통일로 432-1(지번) 홍제동 174-15
98,대림삼거리점,서울 영등포구 시흥대로 681 삼성YJ그랜드빌딩 신관동 1층(지번) 대림동 952-19
99,독산점,서울 금천구 시흥대로 399 1층 112호(지번) 독산동 291-6
100,공덕역롯데캐슬점,서울 마포구 마포대로 109 롯데캐슬프레지던트(지번) 공덕동 467
101,마포점,서울 마포구 마포대로 53 마포트라팰리스(지번) 도화동 559
102,인천송도지웰푸르지오시티점,인천 연수구 하모니로 144 판매시설동 B112호(지번) 송도동 8-23
103,종로점,서울 종로구 종로 77 통일빌딩(지번) 종로2가 12
104,보라매점,서울 관악구 보라매로3길 29 해태보라매타워(지번) 신대방동 708
105,신림역점,서울 관악구 신림로 344 SK허브그린(지번) 신림동 1421-29
106,노량진점,서울 동작구 노량진로 166(지번) 노량진동 117-2
107,시청점,서울 중구 세종대로 68 천일빌딩(지번) 태평로2가 69-13
108,광명소하점,경기 광명시 금하로 464(지번) 소하동 1335
109,서울역동자점,서울 용산구 후암로 107 게이트웨이타워(지번) 동자동 12
110,독립문점,서울 종로구 송월길 155 경복궁자이4단지 상가 1층 4104~ 4106호(지번) 교북동 126
111,광화문점,서울 종로구 새문안로3길 19(지번) 당주동 128-17
112,연세대점,서울 서대문구 연세로 50 연세공학원(지번) 신촌동 134
113,경복궁점,서울 종로구 사직로 115(지번) 내자동 11-1
114,안국점,서울 종로구 우정국로 69 동일빌딩 1층(지번) 수송동 5
115,애오개점,서울 마포구 마포대로 180 1층(지번) 공덕동 105-159
116,충정로점,서울 서대문구 충정로 23 풍산빌딩 지하1층(지번) 충정로3가 470
117,정동점,서울 중구 새문안로 30(지번) 충정로1가 51-7
118,숙명여대점,서울 용산구 청파로47길 42(지번) 청파동2가 71-19
119,명동성당점,서울 중구 명동길 80 파밀리아체플 1898광장 B118호(지번) 저동1가 39-4
120,을지로입구점,서울 중구 남대문로 112(지번) 남대문로1가 22-10
121,시흥배곧신도시점,경기 시흥시 배곧3로 96(지번) 정왕동 2514
122,노량진역점,서울 동작구 노량진로 152-1(지번) 노량진동 73-3
123,용산전자랜드점,서울 용산구 청파로 74 본관 A동 104호(지번) 한강로3가 16-9
124,을지로3가점,서울 중구 을지로 103-1(지번) 을지로2가 101-6
125,서울대점,서울 관악구 관악로 156 호윤빌딩 1층(지번) 봉천동 855-11
126,용산아이파크몰점,서울 용산구 한강대로23길 55 서관 4층(지번) 한강로3가 40-999
127,순화동라마다점,서울 중구 칠패로 27 더샵주상복합(지번) 순화동 151
128,남영역점,서울 용산구 한강대로 271(지번) 갈월동 92-14
129,회현점,서울 중구 소공로 35 남산롯데캐슬아이리스(지번) 회현동1가 208
130,중앙대점,서울 동작구 흑석로 79(지번) 흑석동 195-19
131,대학로점,서울 종로구 동숭길 101 지하 1층(지번) 동숭동 1-83
132,숭실대점,서울 동작구 사당로 12-1(지번) 상도동 502-7
133,낙성대역점,서울 관악구 남부순환로 1904 1층 102호(지번) 봉천동 1661-4
134,동대문역사문화공원역점,"서울 중구 장충단로 227-2 1,2층(지번) 광희동1가 186-1"
135,성대점,서울 종로구 창경궁로 234 동화빌딩(지번) 명륜4가 188-4
136,북촌점,서울 종로구 율곡로 67 1층(지번) 계동 146-2
137,수유역점,서울 강북구 오패산로 417(지번) 번동 446-46
138,종로5가점,서울 종로구 종로 213-1 1층(지번) 종로5가 88-4
139,강남역점,서울 강남구 강남대로96길 12 지천빌딩 1층(지번) 역삼동 818-1
140,성신여대점,서울 성북구 보문로34길 78(지번) 동선동2가 135-2
141,시흥정왕점,경기 시흥시 중심상가로 195(지번) 정왕동 1737-18
142,신림점,서울 관악구 신림로 318(지번) 신림동 1641-17
143,한남점,서울 용산구 대사관로 63(지번) 한남동 657-106
144,논현역점,서울 서초구 강남대로 535 프린스빌딩 1층(지번) 반포동 707-11
145,방배점,서울 서초구 효령로 111 1층(지번) 방배동 912-5
146,동대문역점,서울 종로구 종로 263-1(지번) 종로6가 123-1
147,압구정역점,서울 강남구 압구정로28길 13(지번) 신사동 581-8
148,노원점,서울 노원구 노해로 502(지번) 상계동 723
149,신설동역점,서울 동대문구 왕산로 15-1 1층(지번) 신설동 76-36
150,약수역점,서울 중구 다산로 153(지번) 신당동 370-53
151,왕십리점,서울 성동구 왕십리로 328 1층(지번) 도선동 253-12
152,미아역점,서울 강북구 도봉로 209(지번) 미아동 207-17
153,길음뉴타운점,서울 성북구 길음로7길 6(지번) 길음동 1286-10
154,한성대점,서울 성북구 동소문로 10(지번) 동소문동2가 12
155,삼양솔샘점,서울 강북구 삼양로 162 1층 103~105호(지번) 미아동 682-11
156,신논현역점,서울 서초구 강남대로 499(지번) 반포동 737-3
157,신사역점,서울 강남구 도산대로 124 대영빌딩(지번) 논현동 4-1
158,의정부역점,경기 의정부시 신흥로257번길 6(지번) 의정부동 432-30
159,정릉점,서울 성북구 보국문로 40(지번) 정릉동 403-18
160,상왕십리점,서울 성동구 왕십리로 410(지번) 상왕십리동 816-1
161,신당역점,서울 중구 퇴계로 388(지번) 신당동 247-11
162,교대점,서울 서초구 서초중앙로22길 47 문화빌딩 1층(지번) 서초동 1670-10
163,창동역점,서울 도봉구 마들로11길 61(지번) 창동 13-1
164,선릉점,서울 강남구 테헤란로 337(지번) 역삼동 705-27
165,역삼점,서울 강남구 테헤란로25길 20(지번) 역삼동 642-1
166,한양대점,서울 성동구 마조로 11 1층(지번) 행당동 19-98
167,서초법원점,서울 서초구 법원로1길 1(지번) 서초동 1717-4
168,경희대점,서울 동대문구 경희대로 5-1 1층(지번) 회기동 16-70
169,미아사거리역점,서울 강북구 도봉로 41-1(지번) 미아동 864-8
170,쌍문역점,"서울 도봉구 도봉로 468 1층 102호, 102-1호(지번) 창동 655-20"
171,안양1번가점,경기 안양시 만안구 만안로223번길 7(지번) 안양동 674-10
172,국민대학교점,서울 성북구 정릉로 77(지번) 정릉동 861-1
173,삼성점,서울 강남구 삼성로 520(지번) 삼성동 156-5
174,동덕여대점,서울 성북구 화랑로13길 10 1층(지번) 하월곡동 17-10
175,강남우성점,서울 강남구 강남대로66길 6(지번) 역삼동 837-1
176,서울숲점,서울 성동구 왕십리로 108-1(지번) 성수동1가 656-1066
177,언주역점,서울 강남구 봉은사로 206 대명빌딩(지번) 역삼동 650-2
178,안양범계점,경기 안양시 동안구 시민대로 167 안양벤처텔(지번) 비산동 1107-1
179,충무로점,서울 중구 퇴계로 197(지번) 필동2가 10
180,망우점,서울 중랑구 용마산로115길 127 한일써너스빌리젠시1단지(지번) 망우동 479
181,건대입구점,서울 광진구 아차산로 241 연한빌딩 102호(지번) 화양동 6-2
182,써브웨이통상,서울 강서구 마곡서1로 111-11(지번) 마곡동 740
183,신금호점,서울 성동구 금호동2가 1 신금호파크자이상가
184,안산중앙점,경기 안산시 단원구 예술대학로 17(지번) 고잔동 534-3
185,잠실역점,서울 송파구 올림픽로 293-19 현대타워 101호(지번) 신천동 7-28
186,장안사거리점,서울 동대문구 답십리로 293(지번) 장안동 330-2
187,군자역점,서울 광진구 능동로 290 삼일빌딩(지번) 능동 279-5
188,중랑역점,서울 중랑구 망우로 203(지번) 중화동 208-33
189,종암점,서울 성북구 종암로 110 1층(지번) 종암동 3-1192
190,학동역점,서울 강남구 학동로 171 1층 103호(지번) 논현동 58-10
191,안양인덕원역점,경기 안양시 동안구 관악대로 486(지번) 관양동 1488-13
192,성수역점,서울 성동구 아차산로 113(지번) 성수동2가 300-1
193,경기서인천지사,경기 부천시 소향로 31 청죽타워빌딩 601호(지번) 상동 546-9
194,묵동점,서울 중랑구 동일로 952 101-1호(지번) 묵동 169-12
195,공릉점,서울 노원구 공릉로 207(지번) 공릉동 441-19
196,안양평촌스마트스퀘어점,경기 안양시 동안구 시민대로327번길 6 112호(지번) 관양동 1019-5
197,안산고잔점,경기 안산시 단원구 광덕대로 151(지번) 고잔동 708-2
198,외대점,서울 동대문구 이문로 116 1층(지번) 이문동 288-7
199,광운대역점,서울 노원구 광운로 57(지번) 월계동 383-16
200,선정릉역점,서울 강남구 봉은사로 328(지번) 역삼동 682-7
201,석촌호수점,서울 송파구 석촌호수로 298 잠실대우레이크월드 101호(지번) 송파동 58-1
202,잠실새내역점,서울 송파구 올림픽로 130(지번) 잠실동 184-7
203,포이사거리점,서울 강남구 논현로 84 1층(지번) 개포동 1229-3
204,산본로데오점,경기 군포시 광정로 60 1층(지번) 산본동 1143-2
205,강변역점,서울 광진구 강변역로4길 10(지번) 구의동 546-11
206,안양평촌학원가점,경기 안양시 동안구 평촌대로 119 원평비젼프라자(지번) 호계동 1065-5
207,뚝섬유원지역점,"서울 광진구 뚝섬로34길 67 광진트라팰리스 101,102호(지번) 자양동 854"
208,천호점,서울 강동구 올림픽로 664(지번) 천호동 425-5
209,봉은사역점,서울 강남구 봉은사로 627(지번) 삼성동 109-17
210,양주옥정점,경기 양주시 옥정로 214 1층(지번) 옥정동 963-7
211,세종대점,서울 광진구 광나루로 390(지번) 화양동 206
212,송파역점,서울 송파구 송파대로 374(지번) 송파동 97-31
213,문정역점,서울 송파구 법원로 114 현대엠스테이트 C동 119호(지번) 문정동 221-5
214,고덕역점,서울 강동구 동남로75길 13-10(지번) 명일동 47-3
215,남양주다산역점,"경기 남양주시 다산중앙로145번길 9 101,102호(지번) 다산동 6063-3"
216,상봉역점,"서울 중랑구 망우로 316 107, 108호(지번) 상봉동 101"
217,분당서현점,경기 성남시 분당구 서현로 184 엘지분당에클라트(지번) 서현동 251-3
218,구의점,"서울 광진구 자양로 113 구의현대하이엘 103,1044호(지번) 자양동 779-11"
219,광장점,서울 광진구 아차산로 480(지번) 구의동 199-8
220,문정법조점,서울 송파구 충민로 5 송파한화오벨리스크(지번) 문정동 622
221,강동성심병원점,서울 강동구 성안로 147(지번) 천호동 447-7
222,성남위례점,경기 성남시 수정구 위례광장로 104 한화오벨리스크 상가 1층(지번) 창곡동 505
223,아차산역점,서울 광진구 천호대로 666(지번) 구의동 76-1
224,테헤란로점,서울 강남구 테헤란로 314 지하1층(지번) 역삼동 707-3
225,안산한대역점,경기 안산시 상록구 광덕1로 385(지번) 이동 715
226,중계은행사거리점,서울 노원구 한글비석로 269 1층(지번) 중계동 359-9
227,대청점,서울 강남구 일원로3길 4(지번) 일원동 683-1
228,의왕포일점,경기 의왕시 안양판교로 101 1층(지번) 포일동 661-1
229,서브웨이호텔 시흥,경기 시흥시 호현로10번길 15-3(지번) 신천동 707-15
230,산본사거리점,경기 군포시 고산로 694 1층(지번) 산본동 207-9
231,상일동점,서울 강동구 상일로6길 21 1층(지번) 상일동 501-2
232,성남단대오거리역점,경기 성남시 중원구 산성대로372번길 10(지번) 금광동 10
233,수원장안구청점,경기 수원시 장안구 경수대로 927 성원빌딩 1층(지번) 송죽동 499-6
234,수원호매실점,경기 수원시 권선구 금곡로 204(지번) 금곡동 1118-1
235,성남태평점,경기 성남시 수정구 수정로 179(지번) 태평동 7288-13
236,안산한양대점,경기 안산시 상록구 한양대학로 60(지번) 사동 1569-4
237,석촌역점,"서울 송파구 송파대로 438 1층 106, 107호(지번) 송파동 19-2"
238,동두천점,경기 동두천시 평화로 2552-1(지번) 보산동 362-14
239,수서역점,서울 강남구 밤고개로1길 10(지번) 수서동 713
240,수원인계점,경기 수원시 팔달구 권광로 204(지번) 인계동 1114-9
241,성남시청점,경기 성남시 중원구 성남대로997번길 51-20(지번) 여수동 207
242,천호역점,서울 강동구 천호대로 1012(지번) 성내동 62-4
243,분당정자점,경기 성남시 분당구 성남대로331번길 13(지번) 정자동 159-1
244,성남터미널점,경기 성남시 분당구 성남대로925번길 16(지번) 야탑동 341
245,광교중앙점,경기 수원시 영통구 센트럴타운로 107(지번) 이의동 1331
246,수원천천점,경기 수원시 장안구 만석로19번길 11-2 천경빌딩 1층 4~6호(지번) 천천동 527-9
247,판교브릿지타워점,경기 성남시 분당구 판교로227번길 6(지번) 삼평동 617
248,분당수내점,경기 성남시 분당구 백현로101번길 21 풍해빌딩 1층(지번) 수내동 20-1
249,수원성균관대점,경기 수원시 장안구 서부로 2066 학생회관 2층(지번) 천천동 300
250,수원아주대점,경기 수원시 팔달구 아주로 49-1(지번) 우만동 571-2
251,용인죽전점,경기 용인시 기흥구 죽전로 20 죽전누리에뜰아파트 상가 B동 121호(지번) 보정동 1263
252,하남미사역점,경기 하남시 미사강변동로 74(지번) 망월동 1134
253,분당미금역점,경기 성남시 분당구 돌마로 52(지번) 구미동 8-2
254,광교엘포트점,경기 수원시 영통구 광교중앙로 145(지번) 이의동 1336-1
255,수원영통구청점,경기 수원시 영통구 효원로 383(지번) 매탄동 1267-2
256,수원망포역점,경기 수원시 영통구 영통로 195 골든스퀘어(지번) 망포동 28-2
257,서판교점,경기 성남시 분당구 운중로 142 판교메디컬타워 1층(지번) 운중동 940
258,수원역사점,경기 수원시 팔달구 덕영대로 924 3층(지번) 매산로1가 18
259,써브웨이,경기 화성시 수노을중앙로 130(지번) 새솔동 76-6
260,중곡역점,서울 광진구 능동로 400(지번) 중곡동 30-80
261,신정네거리점,서울 양천구 중앙로 265(지번) 신정동 1183-5
262,광교경기대후문점,경기 수원시 영통구 대학로 34(지번) 이의동 1258-4
263,수원영통점,경기 수원시 영통구 봉영로 1623(지번) 영통동 958-1
264,화성남양점,경기 화성시 남양읍 시청로 6(지번) 남양읍 남양리 2253-2
265,길동역점,"서울 강동구 양재대로 1471 1층 103,110호(지번) 길동 389-2"
266,용인기흥구청점,경기 용인시 기흥구 구갈로 71-18 기흥더샵프라임뷰(지번) 신갈동 733
267,용인수지점,경기 용인시 수지구 수지로296번길 47 수석빌딩(지번) 풍덕천동 1080-1
268,판교역점,경기 성남시 분당구 대왕판교로606번길 58 1층(지번) 삼평동 741
269,용인동천점,경기 용인시 수지구 신수로 767 분당수지유타워 B동 111호(지번) 동천동 899
270,분당오리역점,경기 성남시 분당구 성남대로43번길 10 하나EZ타워 1층(지번) 구미동 158
271,화성봉담점,경기 화성시 봉담읍 동화길 51(지번) 봉담읍 동화리 564
272,광교상현역점,경기 용인시 수지구 광교중앙로 305(지번) 상현동 1117-6
273,화성병점점,경기 화성시 효행로 1063(지번) 진안동 914-4
274,수원경희대점,경기 수원시 영통구 덕영대로 1707(지번) 영통동 1024-13
275,수지롯데몰점,경기 용인시 수지구 성복2로 38(지번) 성복동 789
276,판교테크노밸리점,경기 성남시 분당구 대왕판교로 670 유스페이스2 B동 1층 119호(지번) 삼평동 682
277,용인동백점,"경기 용인시 기흥구 동백중앙로 283 골드프라자 A동 1층 105,106호(지번) 중동 829"
278,동탄센트럴파크점,경기 화성시 동탄지성로 117(지번) 반송동 43-4
279,성남남위례역점,경기 성남시 수정구 위례광장로 21-13 120~122호(지번) 창곡동 562-2
280,동탄하이페리온점,경기 화성시 동탄반석로 156 동탄하이페리온(지번) 반송동 93-9
281,화성향남점,경기 화성시 향남읍 향남로 392 우성메디피아 1층 103~104호(지번) 향남읍 행정리 487-6
282,오산대역점,경기 오산시 내삼미로 89(지번) 수청동 620-2
283,오리역점,경기 성남시 분당구 성남대로43번길 10(지번) 구미동 158
284,동탄나루점,경기 화성시 동탄솔빛로 48(지번) 반송동 217-6
285,동탄카림점,경기 화성시 동탄대로시범길 134(지번) 청계동 536
286,동탄하나로클럽점,경기 화성시 동탄순환대로27길 30(지번) 영천동 603-1
287,동탄역점,"경기 화성시 동탄역로 150 118,119호(지번) 오산동 산 88-2"
288,용인처인점,경기 용인시 처인구 명지로 17(지번) 역북동 722-1
289,티서브웨이,서울 마포구 동교로46길 42-5 202호(지번) 연남동 383-82
290,써브웨이코리아,서울 서초구 강남대로 535 프린스빌딩 15층(지번) 반포동 707-11
291,용인김량장점,경기 용인시 처인구 금령로71번길 3 1층(지번) 김량장동 254-126
292,동탄호수공원점,경기 화성시 동탄대로 181 레이크꼬모 1층(지번) 송동 694
293,서브웨이 대림삼거리점,서울 영등포구 시흥대로 681(지번) 대림동 952-19
294,서브웨이,서울 강동구 명일로 163-1(지번) 둔촌동 59-7
295,용인기흥롯데프리미엄아울렛점,경기 용인시 기흥구 신고매로 124 지하1층(지번) 고매동 280
296,네트서브웨이,서울 서초구 효령로 304(지번) 서초1동 1445-3
297,써브웨이미용실 본점,서울 강남구 광평로 280(지번) 수서동 724
298,수원능실점,경기 수원시 권선구 호매실로104번길 24-43(지번) 호매실동 1401
299,서브웨이당구장,서울 강동구 양재대로 1477 지하1층(지번) 길동 389-5
300,평택로데오점,경기 평택시 중앙2로 16(지번) 평택동 298-1
301,평택비전점,"경기 평택시 비전5로 15 강일타운 1층 127,128호(지번) 비전동 1091-3"
302,서브웨이묵동,서울 중랑구 동일로 952(지번) 묵동 169-12
303,당진읍내점,충남 당진시 당진중앙2로 127 금화빌딩 1층 101호(지번) 읍내동 225-1
304,평택고덕점,경기 평택시 고덕여염9길 40 1층(지번) 고덕동 2158-4
305,서산호수공원점,충남 서산시 호수공원12로 26(지번) 예천동 1273-1
306,천안두정점,충남 천안시 서북구 두정로 165(지번) 두정동 974
307,안성중앙점,경기 안성시 중앙로 401(지번) 동본동 34
308,천안성정점,충남 천안시 서북구 동서대로 150(지번) 성정동 625-1
309,천안신부점,충남 천안시 동남구 만남로 22(지번) 신부동 454-7
310,천안쌍용점,충남 천안시 서북구 월봉로 79(지번) 쌍용동 1545
311,아산온양점,충남 아산시 온궁로 24-2(지번) 온천동 211-1
312,천안역점,충남 천안시 동남구 대흥로 228 삼영빌딩 104호(지번) 대흥동 80
313,천안충무로점,충남 천안시 서북구 충무로 201(지번) 쌍용동 202-7
314,천안청수점,충남 천안시 동남구 청수11로 16(지번) 청당동 512
315,청주충북대점,충북 청주시 서원구 1순환로 676(지번) 사창동 481
316,청주대점,충북 청주시 청원구 대성로 301(지번) 우암동 227-5
317,천안신불당점,충남 천안시 서북구 불당21로 65(지번) 불당동 1538
318,디비써브(동탄목동점,경기 화성시 동탄신리천로 411(지번) 목동 산 18
319,아산배방점,충남 아산시 배방읍 모산로 123(지번) 배방읍 공수리 1663
320,세종정부청사점,세종특별자치시 절재로 194 중앙타운 1층 113호(지번) 어진동 547
321,아산터미널점,충남 아산시 번영로224번길 4(지번) 모종동 566-2
322,천안백석점,충남 천안시 서북구 동서대로 47 1층(지번) 두정동 626
323,서브웨이동탄나루점,경기 화성시 동탄솔빛로 48(지번) 반송동 217-6
324,공주신관점,충남 공주시 흑수골길 35(지번) 신관동 17-4
325,서브웨이 처인점,경기 용인시 처인구 명지로 17(지번) 역북동 722-1
326,세종시청점,세종특별자치시 한누리대로 2144(지번) 보람동 721
327,대전관평점,대전 유성구 관들1길 49(지번) 관평동 828
328,대전충남대정문점,대전 유성구 한밭대로 414(지번) 궁동 482-3
329,대전노은점,대전 유성구 노은로 150(지번) 지족동 905-3
330,대전유성터미널점,대전 유성구 계룡로 42-1(지번) 봉명동 566-4
331,대전궁동점,대전 유성구 궁동로18번길 10(지번) 궁동 413-4
332,대전월평선사점,대전 서구 월평북로 95(지번) 월평동 241
333,대전둔산점,대전 서구 둔산로 18(지번) 둔산동 1081
334,대전시청점,대전 서구 둔산로 130 1층 111호(지번) 둔산동 1453
335,대전탄방점,대전 서구 문정로 88 1층(지번) 탄방동 753
336,대전오류점,대전 중구 계백로 1715 102호(지번) 오류동 154-6
337,대전한남대점,대전 대덕구 한남로25번길 5(지번) 오정동 223-26
338,대전은행점,대전 중구 대종로488번길 25(지번) 은행동 48-20
339,대전용문점,대전 서구 계룡로 626(지번) 용문동 589-8
340,대전전민점,대전 유성구 유성대로 1732(지번) 전민동 304-4
341,대전관저점,대전 서구 관저로 142(지번) 관저동 1515
342,대전목원대점,대전 서구 도안북로93번길 31(지번) 도안동 848
343,대전태평점,대전 중구 태평로 71 1층 141호(지번) 태평동 395-1
344,대전송촌점,대전 대덕구 계족산로81번길 70 1층(지번) 송촌동 459-3
345,대전우송대점,대전 동구 동대전로 168(지번) 자양동 58-19
346,대전카이스트점,대전 유성구 대학로 291 정문술빌딩 1층(지번) 구성동 23
347,대전가오점,대전 동구 동구청로 95(지번) 가오동 644-1
348,대전건양대병원점,"대전 서구 관저동로 170 1층 108,109호(지번) 관저동 1896"
349,군산나운점,전북 군산시 공단대로 374(지번) 나운동 313-1
350,논산점,충남 논산시 시민로 267(지번) 내동 314-6
351,전주송천DT점,전북 전주시 덕진구 동부대로 1004(지번) 송천동2가 69-47
352,전주전북도청점,전북 전주시 완산구 홍산중앙로 22 1층(지번) 효자동3가 1541-7
353,대구동성로점,대구 중구 국채보상로 598(지번) 동성로2가 56
354,대구동촌DT점,대구 동구 해동로 259(지번) 검사동 957-17
355,대구계대동문점,대구 달서구 계대동문로 9(지번) 신당동 1721-15
356,대구칠곡3지구점,대구 북구 학정로 422 1층(지번) 구암동 769-1
357,대구침산점,대구 북구 침산남로 157(지번) 침산동 222-7
358,대구수성구청역점,대구 수성구 달구벌대로 2513(지번) 범어동 223-1
359,경남거창점,경남 거창군 거창읍 중앙로 120(지번) 거창읍 중앙리 282-33
360,대구상인역점,대구 달서구 월배로 222(지번) 상인동 1396-5
361,대구동성로2호점,대구 중구 동성로6길 42(지번) 공평동 55-23
362,대구경북대북문,대구 북구 대학로 87(지번) 산격동 1335-4
363,대구광장점,대구 서구 달구벌대로 1689(지번) 내당동 463-63
364,대구교대점,대구 남구 중앙대로 243(지번) 대명동 1792-8
365,대구반월당점,대구 중구 달구벌대로 2076 1층(지번) 남산동 536
366,광주상무점,광주 서구 치평로 86 1층(지번) 치평동 1184
367,대구월성점,대구 달서구 조암로 9(지번) 월성동 1857
368,대구평리DT점,대구 서구 서대구로 111(지번) 평리동 1404-1
369,광주첨단점,광주 광산구 첨단중앙로 110 1층(지번) 월계동 888-10
370,광주충장로점,광주 동구 중앙로160번길 31-18(지번) 황금동 69-3
371,대구다사점,대구 달성군 다사읍 달구벌대로 855(지번) 다사읍 매곡리 1546-4
372,광주수완점,광주 광산구 장신로 133 1층(지번) 수완동 1082
373,대구지산점,대구 수성구 지범로 180(지번) 지산동 1275-7
374,광주운암점,광주 북구 북문대로 117(지번) 운암동 357-2
375,광주전남대후문점,광주 북구 우치로 124 1층(지번) 용봉동 151-2
376,대구시지점,대구 수성구 달구벌대로 3201(지번) 신매동 376-1
377,광주주월점,광주 남구 서문대로 749 1층(지번) 주월동 407-11
378,경산영남대점,경북 경산시 대학로 281-1(지번) 대동 166-6
379,경산하양점,경북 경산시 하양읍 하양로 34 1층(지번) 하양읍 금락리 116-268
380,광주하남점,광주 광산구 무진대로 279 동부센트레빌 상가동 1층(지번) 우산동 1588-1
381,대구테크노폴리스점,대구 달성군 현풍읍 테크노상업로 62 1층(지번) 현풍읍 중리 490
382,대구이월드점,대구 달서구 두류동 산 302-11
383,광주오치점,광주 북구 설죽로 334(지번) 오치동 756-1
384,광주금호점,광주 서구 금화로 58 1층(지번) 금호동 244-4
385,광주봉선점,광주 남구 봉선로 176(지번) 봉선동 109-8
386,광주신용점,광주 북구 첨단연신로91번길 10 프라임빌딩 1층 106호(지번) 신용동 731
387,광주신창점,광주 광산구 신창로 121 1층(지번) 신창동 1129-4
388,대구율하롯데몰점,대구 동구 안심로 80 1층(지번) 율하동 1117
389,대구이시아폴리스점,대구 동구 팔공로51길 15-8 1층 103호(지번) 봉무동 1542-5
390,광주유스퀘어점,광주 서구 무진대로 904(지번) 광천동 49-1
391,경산대구대점,경북 경산시 진량읍 대구대로 201 과학생명융합대학 3호관 1층 1114호(지번) 진량읍 내리리 15
392,대구이시아점,대구 동구 팔공로51길 15-8 1층 103호(지번) 봉무동 1542-5
393,진주경상대점,경남 진주시 진주대로 548(지번) 가좌동 478-1
394,진주중안점,경남 진주시 진양호로 525(지번) 중안동 12-12
395,진주혁신점,"경남 진주시 충의로 20-4 101,102호(지번) 충무공동 284-1"
396,나주혁신점,전남 나주시 빛가람로 677(지번) 빛가람동 192-1
397,포항남부 DT점(2021년12월예정),경북 포항시 북구 죽도동 646-1
398,목포상동점,전남 목포시 백년대로 342 1층(지번) 상동 880-1
399,진주평거탑마트점,경남 진주시 새평거로 136(지번) 평거동 921
400,마산합성점,경남 창원시 마산회원구 합성옛길 137(지번) 합성동 126-18
401,진주경상대 칠암캠퍼스점,경남 진주시 동진로 30 1층(지번) 칠암동 490-11
402,창원용지호수점,경남 창원시 성산구 용지로169번길 3(지번) 용호동 73-29
403,마산경남대점,경남 창원시 마산합포구 3.15대로 1(지번) 해운동 13-21
404,창원상남점,경남 창원시 성산구 단정로 25(지번) 상남동 22-7
405,창원유니시티점,경남 창원시 의창구 중동중앙로 47 어반브릭스 1층(지번) 중동 784-1
406,써브웨이미용실,강원 태백시 번영로 339(지번) 황지동 25-30
407,창원리베라점,경남 창원시 성산구 중앙대로100번길 9 리베라컨벤션 1층 107호(지번) 상남동 78-4
408,울산삼산점,울산 남구 삼산로267번길 6-15(지번) 삼산동 1522-4
409,김해진영점,경남 김해시 진영읍 김해대로361번길 16(지번) 진영읍 진영리 1612-4
410,울산무거점,울산 남구 대학로 108(지번) 무거동 617-7
411,울산송정점,울산 북구 화산로 115(지번) 송정동 1232-3
412,진해석동점,경남 창원시 진해구 냉천로 62(지번) 석동 139-1
413,창원대방점,경남 창원시 성산구 가양로124번길 5-5 103호(지번) 대방동 362-9
414,울산성남점,울산 중구 시계탑거리 17(지번) 옥교동 96-22
415,울산구영점,울산 울주군 범서읍 구영로 108 1층(지번) 범서읍 구영리 793-8
416,부산서면점,부산 부산진구 중앙대로 690(지번) 부전동 194-6
417,부산명륜점,부산 동래구 명륜로187번길 49(지번) 명륜동 681-35
418,창원파티마병원점,경남 창원시 의창구 창이대로 45(지번) 명서동 212
419,김해장유점,경남 김해시 능동로149번길 8(지번) 부곡동 1161-2
420,부산시청점,부산 연제구 중앙대로 1043(지번) 연산동 1330-9
421,부산서면롯데점,부산 부산진구 가야대로784번길 23(지번) 부전동 502-22
422,목포남악점,전남 무안군 삼향읍 남악3로 79(지번) 삼향읍 남악리 2103
423,경남양산점,경남 양산시 양산역2길 3(지번) 중부동 692-7
424,울산달동점,울산 남구 신정로 37(지번) 달동 707-1
425,울산옥동점,울산 남구 문수로 332 1층(지번) 옥동 251-1
426,김해내동점,경남 김해시 내외중앙로 74(지번) 내동 1143-2
427,김해율하점,경남 김해시 율하3로 42(지번) 율하동 1350-1
428,김해인제대점,경남 김해시 인제로 184 1층(지번) 어방동 528-2
429,부산사상점,부산 사상구 사상로 211 1층(지번) 괘법동 526-7
430,경남남양산점,경남 양산시 물금읍 범어로 60(지번) 물금읍 범어리 2711-3
431,부산정관점,부산 기장군 정관읍 정관로 565 진우빌딩 11호(지번) 정관읍 매학리 713-3
432,부산센텀점,부산 해운대구 센텀5로 55(지번) 우동 1483
433,김해삼계점,경남 김해시 가야로 163(지번) 삼계동 1460-3
434,부산법원점,부산 연제구 법원로32번길 18(지번) 거제동 1489-1
435,부산광안비치점,부산 수영구 광안해변로 239(지번) 민락동 179-1
436,부산토곡점,부산 연제구 과정로237번길 119(지번) 연산동 417-21
437,울산공업탑점,울산 남구 삼산로 11(지번) 신정동 1231-11
438,부산장전역점,부산 금정구 중앙대로1719번길 30(지번) 부곡동 223-56
439,부산해운대비치점,부산 해운대구 구남로 42-1(지번) 중동 1391-41
440,부산벡스코점,부산 해운대구 센텀1로 17 센텀프리미어호텔 108호(지번) 우동 1521
441,울산진장점,울산 북구 진장17길 10 1층(지번) 진장동 729-1
442,부산대역점,부산 금정구 금정로60번길 40(지번) 장전동 293-128
443,부산명지국제신도시점,부산 강서구 명지국제8로 264 1층(지번) 명지동 3420-5
444,부산양정점,부산 부산진구 양지로 4(지번) 양정동 363-2
445,부산서면동천로점,부산 부산진구 동천로 71(지번) 부전동 170-1
446,부산덕천점,부산 북구 덕천1길 22(지번) 덕천동 403-31
447,부산대점,부산 금정구 부산대학로 48(지번) 장전동 417-39
448,부산화명점,부산 북구 화명신도시로 130(지번) 화명동 2272-1
449,부산좌동점,부산 해운대구 해운대로 794(지번) 좌동 1473-2
450,부산부민점,부산 서구 구덕로226번길 3(지번) 부민동1가 4-4
451,울산일산점,울산 동구 방어진순환도로 662(지번) 일산동 941-3
452,창원대동백화점,경남 창원시 성산구 원이대로 730 대동백화점 1층(지번) 상남동 44-1
453,부산주례점,부산 사상구 가야대로366번길 43(지번) 주례동 80-33
454,부산동아대점,부산 사하구 낙동대로 542(지번) 하단동 492-2
455,부산범일점,부산 동구 조방로 14 동일타워 124호(지번) 범일동 830-140
456,부산사직점,부산 동래구 사직북로 7 101호(지번) 사직동 91-8
457,제주연동신시가지점,제주특별자치도 제주시 국기로1길 2(지번) 연동 1482
458,부산중앙점,부산 중구 중앙대로 102 팬오션 부산빌딩 1층 103호(지번) 중앙동4가 83-5
459,부산광복점,부산 중구 광복중앙로 3-1(지번) 창선동1가 2-1
460,부산대연점,부산 남구 수영로 246 1층(지번) 대연동 1729-4
461,울산덕신점,울산 울주군 온산읍 덕신로 261 1층(지번) 온산읍 덕신리 1285-4
462,제주시청점,제주특별자치도 제주시 중앙로 252(지번) 이도이동 1010
463,부산명지점,부산 강서구 명지오션시티4로 61(지번) 명지동 3239-2
464,부산진역점,부산 동구 중앙대로 365(지번) 수정동 1-10
465,부산반여점,부산 해운대구 선수촌로 78(지번) 반여동 1441-85
466,부산부경대점,부산 남구 용소로 24(지번) 대연동 61-2
467,통영문화마당점,경남 통영시 통영해안로 317-1(지번) 항남동 79-43
468,거제고현점,"경남 거제시 거제중앙로 1894 1층 104,105호(지번) 고현동 35-8"
469,부산남천점,부산 수영구 수영로 462(지번) 남천동 29-15
470,부산영도점,부산 영도구 태종로 107(지번) 영선동1가 21-1
471,부산경성대점,부산 남구 수영로325번길 12(지번) 대연동 93-3
472,거제아주점,경남 거제시 아주1로2길 62(지번) 아주동 1683-2
473,통영무전점,경남 통영시 원문로 27 월드지브이존 1층(지번) 북신동 698-1
474,김해이마트점,경남 김해시 김해대로 2232 1층(지번) 외동 1264
475,경남양산증산점,경남 양산시 물금읍 야리1길 17(지번) 물금읍 가촌리 1299-3
476,울산야음점,"울산 남구 수암로 138 1층 102,103호(지번) 야음동 789-14"
477,경남양산덕계메가마트점,경남 양산시 덕계로 62 C동 1층(지번) 덕계동 737-21
478,제주대점,제주특별자치도 제주시 제주대학로 113(지번) 아라이동 34-13
479,부산W스퀘어점,"부산 남구 분포로 145 스퀘어동 1055,1056호(지번) 용호동 954"
480,부산동의대점,부산 부산진구 엄광로 176(지번) 가야동 464-114
481,부산하단아트몰링점,부산 사하구 낙동남로 1413 지하1층(지번) 하단동 526-6
482,부산홈플러스아시아드점,부산 연제구 종합운동장로 7 지하 2층(지번) 거제동 1208
483,부산연산트레이더스점,부산 연제구 좌수영로 241 지하 3층(지번) 연산동 137-5
484,명지점,부산 강서구 명지오션시티4로 61(지번) 명지동 3239-2
485,창원중앙역점,경남 창원시 의창구 용동로 85 1층(지번) 사림동 165-14
486,반여점,부산 해운대구 선수촌로 78(지번) 반여동 1441-85
487,서브웨이 롯데백화점 광복점,부산 중구 중앙대로 2 롯데백화점 광복점 4층(지번) 중앙동7가 20-1
488,부산역점,부산 동구 중앙대로 206 역사 내 2층(지번) 초량동 1187-21
489,구로철도기지창,서울 구로구 구일로8길 150(지번) 구로1동 685
490,모란차량기지,경기 성남시 중원구 여수대로 182(지번) 여수동 164
491,서브웨이 김해삼계점,경남 김해시 가야로 163(지번) 삼계동 1460-3
492,부산지하철노포차량기지,부산 금정구 중앙대로 2238(지번) 노포동 133
